2000$TIC | 0x72EBcD85f5233c342E863461124eE4416263df93;;;;;;2000$TIC
2000$TIC | 0x21F60705823dbfd0664ae5D676360387d73a0B12;;;;;;
2000$TIC | 0xF6757c902ce8DA4492f6FBeCC6Ad984C504176CB;;;;;;
2000$TIC | 0xd3ab09900a1d15d2E4Fe0A29c19de6E5a83EA900;;;;;;
2000$TIC | 0x2eDC1de4ac8EC66BA9A8e27e944BB752ec0bAbba;;;;;;
2000$TIC | 0x30118Df02643c113c1F80eE3D7Aa4074b1637450;;;;;;
2000$TIC | 0x24aea31Dd03Dda163e18c376774fFd468754d239;;;;;;
2000$TIC | 0x0c37cF737340F56EE46FbBEcdC3FC417359dA108;;;;;;
2000$TIC | 0x52c337ae29FA2Dbf68797F163B931b9704836771;;;;;;
2000$TIC | 0x68636386008760F7323a93faa2ABE6C1487f308d;;;;;;
